Actual Strength,Predicted Strength,Error,Absolute Error
42.42,41.31444999999995,1.1055500000000507,1.1055500000000507
33.06,30.495550000000012,2.56444999999999,2.56444999999999
20.28,18.57725000000001,1.702749999999991,1.702749999999991
31.72,41.02290000000008,-9.30290000000008,9.30290000000008
48.59,44.55964999999991,4.030350000000091,4.030350000000091
12.46,11.711849999999984,0.7481500000000167,0.7481500000000167
67.87,50.01149999999997,17.858500000000035,17.858500000000035
22.53,24.180000000000014,-1.6500000000000128,1.6500000000000128
58.61,55.829350000000005,2.7806499999999943,2.7806499999999943
33.02,40.038550000000015,-7.018550000000012,7.018550000000012
24.0,23.889799999999983,0.11020000000001673,0.11020000000001673
26.14,26.178199999999993,-0.038199999999992684,0.038199999999992684
39.58,38.620350000000066,0.9596499999999324,0.9596499999999324
59.09,44.38725833333332,14.702741666666682,14.702741666666682
10.22,13.227549999999981,-3.0075499999999806,3.0075499999999806
37.8,33.459351666666684,4.340648333333313,4.340648333333313
12.25,19.531400000000023,-7.281400000000023,7.281400000000023
30.57,30.75694999999999,-0.18694999999998885,0.18694999999998885
26.85,26.2152,0.634800000000002,0.634800000000002
55.5,60.77770000000004,-5.2777000000000385,5.2777000000000385
44.28,43.80444999999996,0.475550000000041,0.475550000000041
14.31,13.994399999999967,0.31560000000003363,0.31560000000003363
4.57,6.04644999999999,-1.47644999999999,1.47644999999999
44.28,43.67644999999996,0.6035500000000411,0.6035500000000411
68.3,60.52094999999994,7.779050000000055,7.779050000000055
59.8,53.404416666666656,6.395583333333342,6.395583333333342
33.01,28.15310000000001,4.856899999999989,4.856899999999989
56.61,56.360950000000045,0.24904999999995425,0.24904999999995425
8.0,11.893000000000004,-3.8930000000000042,3.8930000000000042
38.46,40.44970833333336,-1.9897083333333612,1.9897083333333612
23.25,31.119599999999988,-7.869599999999988,7.869599999999988
17.54,17.906449999999968,-0.3664499999999684,0.3664499999999684
19.54,18.26545000000001,1.2745499999999907,1.2745499999999907
38.7,48.57894999999998,-9.878949999999975,9.878949999999975
29.73,28.415050000000004,1.314949999999996,1.314949999999996
47.28,50.12880499999997,-2.8488049999999703,2.8488049999999703
22.5,22.688699999999947,-0.18869999999994747,0.18869999999994747
27.22,29.224299999999992,-2.0042999999999935,2.0042999999999935
17.44,17.896899999999988,-0.45689999999998676,0.45689999999998676
26.26,20.86170000000002,5.398299999999981,5.398299999999981
35.31,33.179600000000065,2.1303999999999377,2.1303999999999377
38.8,43.20284999999999,-4.402849999999994,4.402849999999994
25.12,25.49046250000003,-0.37046250000003056,0.37046250000003056
11.36,12.289649999999988,-0.9296499999999881,0.9296499999999881
33.04,42.30980000000004,-9.26980000000004,9.26980000000004
14.94,17.821550000000034,-2.8815500000000345,2.8815500000000345
37.91,37.810250000000025,0.0997499999999718,0.0997499999999718
43.5,48.32537499999999,-4.825374999999987,4.825374999999987
36.64,38.43060000000005,-1.7906000000000475,1.7906000000000475
12.55,12.230899999999997,0.31910000000000416,0.31910000000000416
51.72,48.86014999999994,2.8598500000000584,2.8598500000000584
17.6,26.068900000000035,-8.468900000000033,8.468900000000033
24.89,25.04759999999999,-0.15759999999998797,0.15759999999998797
15.69,15.694549999999984,-0.004549999999984067,0.004549999999984067
42.92,45.47614999999997,-2.556149999999967,2.556149999999967
51.06,47.04759999999998,4.012400000000021,4.012400000000021
37.27,38.447325000000106,-1.1773250000001028,1.1773250000001028
29.16,25.925099999999933,3.234900000000067,3.234900000000067
15.03,16.230100000000004,-1.2001000000000044,1.2001000000000044
21.86,28.849499999999967,-6.989499999999968,6.989499999999968
40.39,43.668749999999974,-3.278749999999974,3.278749999999974
25.48,23.219500000000007,2.2604999999999933,2.2604999999999933
23.22,20.282249999999976,2.9377500000000225,2.9377500000000225
32.76,33.428500000000085,-0.6685000000000869,0.6685000000000869
12.46,11.808799999999984,0.6512000000000171,0.6512000000000171
28.3,31.236510000000006,-2.9365100000000055,2.9365100000000055
61.86,55.65115000000002,6.208849999999977,6.208849999999977
43.7,36.448049999999945,7.251950000000058,7.251950000000058
52.96,53.073750000000025,-0.11375000000002444,0.11375000000002444
22.49,32.886950000000006,-10.396950000000007,10.396950000000007
45.08,47.39564999999997,-2.3156499999999696,2.3156499999999696
44.03,57.17905000000003,-13.149050000000031,13.149050000000031
16.28,15.866534999999974,0.41346500000002706,0.41346500000002706
52.83,51.923899999999904,0.9061000000000945,0.9061000000000945
14.14,20.882049999999996,-6.742049999999995,6.742049999999995
31.97,34.15070000000007,-2.1807000000000727,2.1807000000000727
7.72,8.008099999999997,-0.28809999999999736,0.28809999999999736
32.88,34.19545000000002,-1.3154500000000198,1.3154500000000198
23.74,24.36244999999993,-0.6224499999999331,0.6224499999999331
50.53,48.31624999999999,2.2137500000000117,2.2137500000000117
39.94,39.06284999999994,0.8771500000000572,0.8771500000000572
47.1,43.1142833333333,3.985716666666704,3.985716666666704
33.76,33.518250000000116,0.24174999999988245,0.24174999999988245
39.15,45.24817499999999,-6.098174999999991,6.098174999999991
31.9,31.812300000000047,0.08769999999995193,0.08769999999995193
55.2,57.413843333333396,-2.2138433333333936,2.2138433333333936
61.09,60.76609999999985,0.32390000000015107,0.32390000000015107
15.42,16.57850000000002,-1.1585000000000196,1.1585000000000196
10.38,10.022600000000006,0.35739999999999483,0.35739999999999483
55.65,54.31746083333333,1.3325391666666704,1.3325391666666704
20.77,22.223200000000023,-1.4532000000000238,1.4532000000000238
59.59,54.297049999999956,5.292950000000047,5.292950000000047
39.46,38.37014999999994,1.0898500000000624,1.0898500000000624
43.39,38.192800000000034,5.197199999999967,5.197199999999967
9.01,17.80785000000002,-8.79785000000002,8.79785000000002
39.32,34.27999999999998,5.0400000000000205,5.0400000000000205
13.82,12.677549999999975,1.142450000000025,1.142450000000025
22.72,23.12565000000002,-0.4056500000000227,0.4056500000000227
16.26,18.04864999999998,-1.7886499999999792,1.7886499999999792
52.2,56.25293916666663,-4.052939166666626,4.052939166666626
28.47,28.99769999999998,-0.5276999999999816,0.5276999999999816
57.23,63.66974166666662,-6.43974166666662,6.43974166666662
31.03,28.302599999999916,2.7274000000000846,2.7274000000000846
13.57,13.742250000000011,-0.17225000000001067,0.17225000000001067
11.98,14.786199999999981,-2.806199999999981,2.806199999999981
11.41,11.815900000000026,-0.4059000000000257,0.4059000000000257
19.99,22.627749999999924,-2.637749999999926,2.637749999999926
17.37,17.820500000000045,-0.4505000000000443,0.4505000000000443
15.36,20.01830000000001,-4.658300000000011,4.658300000000011
4.78,7.684800000000004,-2.9048000000000034,2.9048000000000034
53.66,50.77220000000001,2.8877999999999844,2.8877999999999844
7.4,15.962800000000007,-8.562800000000006,8.562800000000006
10.35,8.325149999999995,2.0248500000000043,2.0248500000000043
40.66,39.211949999999874,1.4480500000001228,1.4480500000001228
29.65,31.953849999999978,-2.3038499999999793,2.3038499999999793
29.39,34.53115000000001,-5.14115000000001,5.14115000000001
47.71,44.876999999999946,2.8330000000000553,2.8330000000000553
37.81,37.146800000000006,0.6631999999999962,0.6631999999999962
27.23,30.498199999999997,-3.2681999999999967,3.2681999999999967
37.42,36.79444999999996,0.6255500000000396,0.6255500000000396
33.31,29.008249999999986,4.301750000000016,4.301750000000016
66.7,65.42480833333329,1.2751916666667142,1.2751916666667142
17.96,23.257300000000004,-5.2973000000000035,5.2973000000000035
15.04,12.968999999999989,2.0710000000000104,2.0710000000000104
33.09,32.40420000000004,0.6857999999999649,0.6857999999999649
52.5,46.03065000000001,6.4693499999999915,6.4693499999999915
22.35,24.6313,-2.281299999999998,2.281299999999998
25.73,27.363049999999983,-1.633049999999983,1.633049999999983
33.69,30.693799999999992,2.9962000000000053,2.9962000000000053
66.0,66.15365000000001,-0.15365000000001316,0.15365000000001316
39.7,43.672399999999946,-3.9723999999999435,3.9723999999999435
38.61,35.35630000000001,3.253699999999988,3.253699999999988
6.81,11.139550000000007,-4.329550000000007,4.329550000000007
26.92,27.30120000000004,-0.38120000000003884,0.38120000000003884
13.66,9.974050000000002,3.6859499999999983,3.6859499999999983
7.84,12.654350000000013,-4.8143500000000135,4.8143500000000135
27.74,23.617049999999985,4.122950000000014,4.122950000000014
35.1,37.47314999999995,-2.3731499999999457,2.3731499999999457
36.8,36.83570000000006,-0.03570000000006246,0.03570000000006246
23.8,22.285099999999986,1.514900000000015,1.514900000000015
67.31,60.51890000000001,6.791099999999993,6.791099999999993
15.52,17.078900000000022,-1.5589000000000226,1.5589000000000226
38.33,37.154300000000056,1.1756999999999422,1.1756999999999422
46.25,43.05524999999992,3.1947500000000773,3.1947500000000773
8.2,11.092650000000019,-2.8926500000000193,2.8926500000000193
24.1,28.953784999999993,-4.853784999999991,4.853784999999991
33.3,29.029899999999984,4.2701000000000136,4.2701000000000136
26.05,32.475500000000046,-6.425500000000046,6.425500000000046
17.54,19.170624999999983,-1.6306249999999842,1.6306249999999842
53.39,53.54776458333347,-0.1577645833334671,0.1577645833334671
37.92,37.787150000000025,0.13284999999997638,0.13284999999997638
55.55,51.08786416666664,4.462135833333356,4.462135833333356
13.2,14.542649999999982,-1.342649999999983,1.342649999999983
40.86,34.21405,6.645949999999999,6.645949999999999
9.87,12.855199999999957,-2.985199999999958,2.985199999999958
21.65,25.439649999999986,-3.7896499999999875,3.7896499999999875
13.52,13.868349999999962,-0.34834999999996263,0.34834999999996263
9.31,9.463800000000008,-0.1538000000000075,0.1538000000000075
23.52,23.70915000000001,-0.18915000000001214,0.18915000000001214
40.71,34.78060000000001,5.929399999999994,5.929399999999994
67.7,62.58723749999996,5.112762500000045,5.112762500000045
39.4,30.36529999999995,9.034700000000047,9.034700000000047
23.51,27.18150000000003,-3.67150000000003,3.67150000000003
64.9,60.94380000000005,3.956199999999953,3.956199999999953
39.3,43.9879823809525,-4.687982380952505,4.687982380952505
9.85,11.345650000000004,-1.4956500000000048,1.4956500000000048
41.41,39.14632500000001,2.263674999999985,2.263674999999985
33.36,37.14809999999999,-3.788099999999993,3.788099999999993
17.2,17.795099999999994,-0.5950999999999951,0.5950999999999951
23.84,27.66555000000005,-3.8255500000000495,3.8255500000000495
38.07,39.789649999999995,-1.7196499999999943,1.7196499999999943
55.6,44.731775000000006,10.868224999999995,10.868224999999995
33.56,45.39024999999995,-11.83024999999995,11.83024999999995
24.5,25.108749999999997,-0.608749999999997,0.608749999999997
12.18,13.749899999999986,-1.5698999999999863,1.5698999999999863
24.39,25.66808750000001,-1.2780875000000087,1.2780875000000087
74.19,66.59749999999987,7.592500000000129,7.592500000000129
48.67,51.133524999999985,-2.463524999999983,2.463524999999983
24.28,23.851849999999942,0.4281500000000591,0.4281500000000591
33.0,31.28675000000003,1.7132499999999702,1.7132499999999702
43.8,41.5123999999999,2.287600000000097,2.287600000000097
48.85,43.88755000000005,4.962449999999954,4.962449999999954
23.79,24.381649999999954,-0.5916499999999552,0.5916499999999552
