cement,blast_furnace_slag,fly_ash,water,superplasticizer,coarse_aggregate,fine_aggregate,age
237.5,237.5,0.0,228.0,0.0,932.0,594.0,90
425.0,106.3,0.0,151.4,18.6,936.0,803.7,56
139.6,209.4,0.0,192.0,0.0,1047.0,806.9,90
250.0,0.0,95.7,191.8,5.3,948.9,857.2,14
155.6,243.5,0.0,180.3,10.7,1022.0,697.7,28
446.0,24.0,79.0,162.0,11.6,967.0,712.0,56
366.0,187.0,0.0,191.0,7.0,824.0,757.0,28
296.0,0.0,106.7,221.4,10.5,819.2,778.4,28
194.7,0.0,100.5,165.6,7.5,1006.4,905.9,56
516.0,0.0,0.0,162.0,8.2,801.0,802.0,28
491.0,26.0,123.0,210.0,3.9,882.0,699.0,7
198.6,132.4,0.0,192.0,0.0,978.4,825.5,3
388.6,97.1,0.0,157.9,12.1,852.1,925.7,7
424.0,22.0,132.0,168.0,8.9,822.0,750.0,56
520.0,0.0,0.0,170.0,5.2,855.0,855.0,28
200.0,133.0,0.0,192.0,0.0,965.4,806.2,7
297.2,0.0,117.5,174.8,9.5,1022.8,753.5,100
251.4,0.0,118.3,188.5,6.4,1028.4,757.7,14
173.5,50.1,173.5,164.8,6.5,1006.2,793.5,100
374.0,189.2,0.0,170.1,10.1,926.1,756.7,56
184.0,86.0,190.0,213.0,6.0,923.0,623.0,28
500.0,0.0,0.0,200.0,0.0,1125.0,613.0,7
295.0,0.0,0.0,185.0,0.0,1069.0,769.0,7
366.0,187.0,0.0,191.3,6.6,824.3,756.9,28
298.0,0.0,107.0,164.0,13.0,953.0,784.0,28
181.4,0.0,167.0,169.6,7.6,1055.6,777.8,100
166.8,250.2,0.0,203.5,0.0,975.6,692.6,3
318.0,0.0,126.0,210.0,6.0,861.0,737.0,28
376.0,0.0,0.0,214.6,0.0,1003.5,762.4,100
289.0,0.0,0.0,192.0,0.0,913.2,895.3,28
250.0,0.0,0.0,182.0,0.0,1100.0,820.0,28
312.7,144.7,0.0,127.3,8.0,999.7,822.2,28
150.0,236.8,0.0,173.8,11.9,1069.3,674.8,28
359.0,19.0,141.0,154.0,10.9,942.0,801.0,3
152.0,0.0,112.0,184.0,8.0,992.0,816.0,28
387.0,20.0,94.0,157.0,11.6,938.0,845.0,3
323.7,282.8,0.0,183.8,10.3,942.7,659.9,7
165.0,128.5,132.1,175.1,8.1,1005.8,746.6,3
162.0,214.0,164.0,202.0,10.0,820.0,680.0,28
313.0,161.0,0.0,178.0,10.0,917.0,759.0,28
525.0,0.0,0.0,189.0,0.0,1125.0,613.0,14
480.0,0.0,0.0,192.0,0.0,936.0,721.0,28
528.0,0.0,0.0,185.0,6.9,920.0,720.0,28
190.0,190.0,0.0,228.0,0.0,932.0,670.0,90
252.3,0.0,98.8,146.3,14.2,987.8,889.0,100
229.7,0.0,118.2,195.2,6.1,1028.1,757.6,3
165.0,128.5,132.1,175.1,8.1,1005.8,746.6,56
500.0,0.0,0.0,200.0,0.0,1125.0,613.0,90
379.5,151.2,0.0,153.9,15.9,1134.3,605.0,91
251.4,0.0,118.3,188.5,6.4,1028.4,757.7,100
393.0,0.0,0.0,192.0,0.0,940.0,758.0,90
194.7,0.0,100.5,170.2,7.5,998.0,901.8,28
200.0,200.0,0.0,190.0,0.0,1145.0,660.0,28
446.0,24.0,79.0,162.0,11.6,967.0,712.0,3
213.7,0.0,174.7,154.8,10.2,1053.5,776.4,3
284.0,15.0,141.0,179.0,5.5,842.0,801.0,28
285.0,190.0,0.0,163.0,7.6,1031.0,685.0,28
173.8,93.4,159.9,172.3,9.7,1007.2,746.6,3
380.0,95.0,0.0,228.0,0.0,932.0,594.0,28
181.9,272.8,0.0,185.7,0.0,1012.4,714.3,28
236.0,0.0,0.0,194.0,0.0,968.0,885.0,14
167.0,187.0,195.0,185.0,7.0,898.0,636.0,28
266.2,112.3,87.5,177.9,10.4,909.7,744.5,28
229.7,0.0,118.2,195.2,6.1,1028.1,757.6,56
307.0,0.0,0.0,193.0,0.0,968.0,812.0,28
330.5,169.6,0.0,194.9,8.1,811.0,802.3,28
305.3,203.5,0.0,203.5,0.0,965.4,631.0,28
173.0,116.0,0.0,192.0,0.0,946.8,856.8,28
359.0,19.0,141.0,154.0,10.9,942.0,801.0,56
236.0,157.0,0.0,192.0,0.0,972.6,749.1,90
393.0,0.0,0.0,192.0,0.0,940.6,785.6,3
225.0,0.0,0.0,181.0,0.0,1113.0,833.0,7
305.3,203.5,0.0,203.5,0.0,965.4,631.0,90
167.0,75.4,167.0,164.0,7.9,1007.3,770.1,56
250.0,0.0,95.7,191.8,5.3,948.9,857.2,56
303.6,139.9,0.0,213.5,6.2,895.5,722.5,28
424.0,22.0,132.0,178.0,8.5,822.0,750.0,7
385.0,0.0,0.0,186.0,0.0,966.0,763.0,14
168.9,42.2,124.3,158.3,10.8,1080.8,796.2,28
389.9,189.0,0.0,145.9,22.0,944.7,755.8,28
213.7,98.1,24.5,181.7,6.9,1065.8,785.4,56
213.5,0.0,174.2,154.6,11.7,1052.3,775.5,14
387.0,20.0,94.0,157.0,14.3,938.0,845.0,56
214.9,53.8,121.9,155.6,9.6,1014.3,780.6,3
255.5,170.3,0.0,185.7,0.0,1026.6,724.3,28
218.2,54.6,123.8,140.8,11.9,1075.7,792.7,3
230.0,0.0,118.3,195.5,4.6,1029.4,758.6,56
295.8,0.0,0.0,185.7,0.0,1091.4,769.3,28
160.0,250.0,0.0,168.0,12.0,1049.0,688.0,28
525.0,0.0,0.0,189.0,0.0,1125.0,613.0,90
228.0,342.1,0.0,185.7,0.0,955.8,674.3,28
480.0,0.0,0.0,192.0,0.0,936.0,721.0,90
272.8,105.1,81.8,209.7,9.0,904.0,679.7,28
214.9,53.8,121.9,155.6,9.6,1014.3,780.6,14
157.0,236.0,0.0,192.0,0.0,935.4,781.2,7
148.5,139.4,108.6,192.7,6.1,892.4,780.0,28
302.0,0.0,0.0,203.0,0.0,974.0,817.0,14
212.5,0.0,100.4,159.3,8.7,1007.8,903.6,28
108.3,162.4,0.0,203.5,0.0,938.2,849.0,3
500.0,0.0,0.0,200.0,0.0,1125.0,613.0,14
146.0,173.0,0.0,182.0,3.0,986.0,817.0,28
143.6,0.0,174.9,158.4,17.9,942.7,844.5,28
286.3,200.9,0.0,144.7,11.2,1004.6,803.7,56
314.0,145.3,113.2,178.9,8.0,869.1,690.2,28
212.0,0.0,124.8,159.0,7.8,1085.4,799.5,14
250.0,0.0,0.0,182.0,0.0,1100.0,820.0,7
149.0,153.0,194.0,192.0,8.0,935.0,623.0,28
425.0,106.3,0.0,151.4,18.6,936.0,803.7,28
376.0,0.0,0.0,214.6,0.0,1003.5,762.4,14
230.0,0.0,118.3,195.5,4.6,1029.4,758.6,14
165.0,0.0,143.6,163.8,0.0,1005.6,900.9,28
155.0,184.0,143.0,194.0,9.0,880.0,699.0,28
190.3,0.0,125.2,161.9,9.9,1088.1,802.6,3
238.1,0.0,94.1,186.7,7.0,949.9,847.0,100
198.6,132.4,0.0,192.0,0.0,978.4,825.5,7
339.0,0.0,0.0,197.0,0.0,968.0,781.0,14
251.4,0.0,118.3,188.5,5.8,1028.4,757.7,56
500.0,0.0,0.0,151.0,9.0,1033.0,655.0,28
102.0,153.0,0.0,192.0,0.0,887.0,942.0,28
250.0,0.0,95.7,187.4,5.5,956.9,861.2,100
387.0,20.0,94.0,157.0,14.3,938.0,845.0,7
166.1,0.0,163.3,176.5,4.5,1058.6,780.1,3
212.5,0.0,100.4,159.3,8.7,1007.8,903.6,56
198.6,132.4,0.0,192.0,0.0,978.4,825.5,28
298.2,0.0,107.0,209.7,11.1,879.6,744.2,28
331.0,0.0,0.0,192.0,0.0,978.0,825.0,90
401.8,94.7,0.0,147.4,11.4,946.8,852.1,28
331.0,0.0,0.0,192.0,0.0,1025.0,821.0,90
275.0,0.0,0.0,183.0,0.0,1088.0,808.0,7
250.2,166.8,0.0,203.5,0.0,977.6,694.1,3
213.7,98.1,24.5,181.7,6.9,1065.8,785.4,3
251.8,0.0,99.9,146.1,12.4,1006.0,899.8,100
277.1,0.0,97.4,160.6,11.8,973.9,875.6,3
387.0,20.0,94.0,157.0,13.9,938.0,845.0,56
116.0,173.0,0.0,192.0,0.0,909.8,891.9,7
230.0,0.0,118.3,195.5,4.6,1029.4,758.6,28
151.8,178.1,138.7,167.5,18.3,944.0,694.6,28
355.0,19.0,97.0,145.0,12.3,967.0,871.0,28
231.8,0.0,121.6,174.0,6.7,1056.4,778.5,3
318.8,212.5,0.0,155.7,14.3,852.1,880.4,3
151.0,0.0,184.0,167.0,12.0,991.0,772.0,28
222.4,0.0,96.7,189.3,4.5,967.1,870.3,56
284.0,15.0,141.0,179.0,5.5,842.0,801.0,56
318.8,212.5,0.0,155.7,14.3,852.1,880.4,7
165.0,0.0,143.6,163.8,0.0,1005.6,900.9,14
165.0,0.0,143.6,163.8,0.0,1005.6,900.9,56
339.0,0.0,0.0,197.0,0.0,968.0,781.0,28
380.0,95.0,0.0,228.0,0.0,932.0,594.0,7
172.4,13.6,172.4,156.8,4.1,1006.3,856.4,56
436.0,0.0,0.0,218.0,0.0,838.4,719.7,28
480.0,0.0,0.0,192.0,0.0,936.2,712.2,28
313.3,262.2,0.0,175.5,8.6,1046.9,611.8,7
424.0,22.0,132.0,178.0,8.5,882.0,750.0,3
261.9,110.5,86.1,195.4,5.0,895.2,732.6,28
166.8,250.2,0.0,203.5,0.0,975.6,692.6,7
213.7,0.0,174.7,154.8,10.2,1053.5,776.4,100
480.0,0.0,0.0,192.0,0.0,936.2,712.2,90
203.5,305.3,0.0,203.5,0.0,963.4,630.0,90
424.0,22.0,132.0,178.0,8.5,822.0,750.0,56
272.6,0.0,89.6,198.7,10.6,931.3,762.2,28
475.0,0.0,0.0,228.0,0.0,932.0,594.0,90
500.0,0.0,0.0,200.0,0.0,1125.0,613.0,28
236.0,0.0,0.0,194.0,0.0,968.0,885.0,90
173.5,50.1,173.5,164.8,6.5,1006.2,793.5,28
425.0,106.3,0.0,153.5,16.5,852.1,887.1,56
286.3,200.9,0.0,144.7,11.2,1004.6,803.7,7
277.2,97.8,24.5,160.7,11.2,1061.7,782.5,28
218.9,0.0,124.1,158.5,11.3,1078.7,794.9,3
316.1,210.7,0.0,185.7,0.0,977.0,689.3,7
298.0,137.0,107.0,201.0,6.0,878.0,655.0,28
139.6,209.4,0.0,192.0,0.0,1047.0,806.9,28
212.0,0.0,124.8,159.0,7.8,1085.4,799.5,28
446.0,24.0,79.0,162.0,10.3,967.0,712.0,56
326.5,0.0,137.9,199.0,10.8,801.1,792.5,28
277.1,0.0,97.4,160.6,11.8,973.9,875.6,56
277.0,0.0,0.0,191.0,0.0,968.0,856.0,90
238.0,0.0,0.0,186.0,0.0,1119.0,789.0,7
326.0,166.0,0.0,174.0,9.0,882.0,790.0,28
154.8,0.0,142.8,193.3,9.1,877.2,867.7,28
225.0,0.0,0.0,181.0,0.0,1113.0,833.0,28
374.0,0.0,0.0,190.0,7.0,1013.0,730.0,28
212.6,0.0,100.4,159.4,10.4,1003.8,903.8,14
350.0,0.0,0.0,203.0,0.0,974.0,775.0,28
265.0,111.0,86.0,195.0,6.0,833.0,790.0,28
135.7,203.5,0.0,185.7,0.0,1076.2,759.3,7
238.1,0.0,94.1,186.7,7.0,949.9,847.0,56
246.8,0.0,125.1,143.3,12.0,1086.8,800.9,56
154.8,183.4,0.0,193.3,9.1,877.2,867.7,28
313.0,0.0,0.0,178.0,8.0,1000.0,822.0,28
362.6,189.0,0.0,164.9,11.6,944.7,755.8,28
233.8,0.0,94.6,197.9,4.6,947.0,852.2,56
277.0,0.0,0.0,191.0,0.0,968.0,856.0,14
143.8,136.3,106.2,178.1,7.5,941.5,774.3,28
337.9,189.0,0.0,174.9,9.5,944.7,755.8,91
233.8,0.0,94.6,197.9,4.6,947.0,852.2,100
250.0,0.0,95.7,191.8,5.3,948.9,857.2,100
337.9,189.0,0.0,174.9,9.5,944.7,755.8,56
339.0,0.0,0.0,197.0,0.0,968.0,781.0,90
379.5,151.2,0.0,153.9,15.9,1134.3,605.0,56
167.4,129.9,128.6,175.5,7.8,1006.3,746.6,14
313.8,0.0,112.6,169.9,10.1,925.3,782.9,28
158.4,0.0,194.9,219.7,11.0,897.7,712.9,28
143.7,170.2,132.6,191.6,8.5,814.1,805.3,28
122.6,183.9,0.0,203.5,0.0,958.2,800.1,90
400.0,0.0,0.0,187.0,0.0,1025.0,745.0,7
166.8,250.2,0.0,203.5,0.0,975.6,692.6,28
313.3,262.2,0.0,175.5,8.6,1046.9,611.8,91
380.0,95.0,0.0,228.0,0.0,932.0,594.0,90
289.0,0.0,0.0,192.0,0.0,913.2,895.3,3
362.6,189.0,0.0,164.9,11.6,944.7,755.8,3
401.8,94.7,0.0,147.4,11.4,946.8,852.1,3
250.0,0.0,95.7,191.8,5.3,948.9,857.2,3
250.0,0.0,95.7,187.4,5.5,956.9,861.2,28
148.0,0.0,182.0,181.0,15.0,839.0,884.0,28
162.0,207.0,172.0,216.0,10.0,822.0,638.0,28
349.0,0.0,0.0,192.0,0.0,1047.0,806.0,90
401.8,94.7,0.0,147.4,11.4,946.8,852.1,91
212.6,0.0,100.4,159.4,10.4,1003.8,903.8,56
144.0,170.0,133.0,192.0,8.0,814.0,805.0,28
289.0,134.0,0.0,195.0,6.0,924.0,760.0,28
133.0,200.0,0.0,192.0,0.0,927.4,839.2,3
212.6,0.0,100.4,159.4,10.4,1003.8,903.8,28
295.8,0.0,0.0,185.7,0.0,1091.4,769.3,7
141.3,212.0,0.0,203.5,0.0,971.8,748.5,90
304.0,140.0,0.0,214.0,6.0,895.0,722.0,28
151.6,0.0,111.9,184.4,7.9,992.0,815.9,28
194.7,0.0,100.5,170.2,7.5,998.0,901.8,100
297.2,0.0,117.5,174.8,9.5,1022.8,753.5,28
525.0,0.0,0.0,189.0,0.0,1125.0,613.0,28
178.0,129.8,118.6,179.9,3.6,1007.3,746.8,14
309.9,142.8,111.2,167.8,22.1,913.9,651.2,28
475.0,0.0,0.0,228.0,0.0,932.0,594.0,7
266.0,114.0,0.0,228.0,0.0,932.0,670.0,28
424.0,22.0,132.0,168.0,8.9,822.0,750.0,3
297.2,0.0,117.5,174.8,9.5,1022.8,753.5,14
307.0,0.0,0.0,193.0,0.0,968.0,812.0,90
181.9,272.8,0.0,185.7,0.0,1012.4,714.3,7
202.0,11.0,141.0,206.0,1.7,942.0,801.0,28
446.0,24.0,79.0,162.0,11.6,967.0,712.0,7
277.1,0.0,97.4,160.6,11.8,973.9,875.6,28
212.6,0.0,100.4,159.4,10.4,1003.8,903.8,100
393.0,0.0,0.0,192.0,0.0,940.0,758.0,3
159.1,186.7,0.0,175.6,11.3,989.6,788.9,28
172.4,13.6,172.4,156.8,4.1,1006.3,856.4,3
375.0,0.0,0.0,186.0,0.0,1038.0,758.0,7
380.0,0.0,0.0,228.0,0.0,932.0,670.0,90
246.8,0.0,125.1,143.3,12.0,1086.8,800.9,100
349.0,0.0,0.0,192.0,0.0,1047.0,806.9,3
213.5,0.0,174.2,159.2,11.7,1043.6,771.9,28
277.1,0.0,97.4,160.6,11.8,973.9,875.6,14
349.0,0.0,0.0,192.0,0.0,1056.0,809.0,28
284.0,120.0,0.0,168.0,7.0,970.0,794.0,28
325.6,166.4,0.0,174.0,8.9,881.6,790.0,28
300.0,0.0,0.0,184.0,0.0,1075.0,795.0,7
173.8,93.4,159.9,172.3,9.7,1007.2,746.6,14
202.0,11.0,141.0,206.0,1.7,942.0,801.0,7
261.0,100.0,78.0,201.0,9.0,864.0,761.0,28
236.0,0.0,0.0,193.0,0.0,968.0,885.0,7
181.4,0.0,167.0,169.6,7.6,1055.6,777.8,56
249.1,0.0,98.8,158.1,12.8,987.8,889.0,28
374.0,189.2,0.0,170.1,10.1,926.1,756.7,91
313.3,145.0,0.0,178.5,8.0,1001.9,688.7,28
322.5,148.6,0.0,185.8,8.5,951.0,709.5,28
192.0,288.0,0.0,192.0,0.0,929.8,716.1,3
214.9,53.8,121.9,155.6,9.6,1014.3,780.6,100
212.0,0.0,124.8,159.0,7.8,1085.4,799.5,100
321.0,164.0,0.0,190.0,5.0,870.0,774.0,28
284.0,15.0,141.0,179.0,5.5,842.0,801.0,3
238.2,158.8,0.0,185.7,0.0,1040.6,734.3,28
213.8,98.1,24.5,181.7,6.7,1066.0,785.5,56
323.7,282.8,0.0,183.8,10.3,942.7,659.9,28
393.0,0.0,0.0,192.0,0.0,940.6,785.6,28
349.0,0.0,0.0,192.0,0.0,1047.0,806.0,3
108.3,162.4,0.0,203.5,0.0,938.2,849.0,28
218.2,54.6,123.8,140.8,11.9,1075.7,792.7,28
425.0,106.3,0.0,153.5,16.5,852.1,887.1,28
289.0,0.0,0.0,192.0,0.0,913.2,895.3,90
149.0,236.0,0.0,176.0,13.0,847.0,893.0,28
231.8,0.0,121.6,174.0,6.7,1056.4,778.5,56
277.2,97.8,24.5,160.7,11.2,1061.7,782.5,14
339.0,0.0,0.0,185.0,0.0,1069.0,754.0,7
336.5,0.0,0.0,181.9,3.4,985.8,816.8,28
249.1,0.0,98.8,158.1,12.8,987.8,889.0,14
401.8,94.7,0.0,147.4,11.4,946.8,852.1,56
153.1,145.0,113.0,178.5,8.0,1001.9,688.7,28
194.7,0.0,100.5,165.6,7.5,1006.4,905.9,28
212.1,0.0,121.6,180.3,5.7,1057.6,779.3,3
322.0,149.0,0.0,186.0,8.0,951.0,709.0,28
218.9,0.0,124.1,158.5,11.3,1078.7,794.9,100
249.1,0.0,98.8,158.1,12.8,987.8,889.0,56
540.0,0.0,0.0,162.0,2.5,1055.0,676.0,28
288.4,121.0,0.0,177.4,7.0,907.9,829.5,28
238.1,0.0,0.0,185.7,0.0,1118.8,789.3,28
136.0,162.0,126.0,172.0,10.0,923.0,764.0,28
446.0,24.0,79.0,162.0,11.6,967.0,712.0,56
160.0,188.0,146.0,203.0,11.0,829.0,710.0,28
212.1,0.0,121.6,180.3,5.7,1057.6,779.3,14
218.2,54.6,123.8,140.8,11.9,1075.7,792.7,56
525.0,0.0,0.0,189.0,0.0,1125.0,613.0,3
194.7,0.0,100.5,165.6,7.5,1006.4,905.9,14
397.0,0.0,0.0,185.7,0.0,1040.6,734.3,28
295.7,0.0,95.6,171.5,8.9,955.1,859.2,56
302.0,0.0,0.0,203.0,0.0,974.0,817.0,28
385.0,0.0,0.0,186.0,0.0,966.0,763.0,28
401.8,94.7,0.0,147.4,11.4,946.8,852.1,7
307.0,0.0,0.0,193.0,0.0,968.0,812.0,3
277.2,97.8,24.5,160.7,11.2,1061.7,782.5,100
275.0,180.0,120.0,162.0,10.4,830.0,765.0,28
157.0,236.0,0.0,192.0,0.0,935.4,781.2,3
166.1,0.0,163.3,176.5,4.5,1058.6,780.1,100
135.0,105.0,193.0,196.0,6.0,965.0,643.0,28
173.0,116.0,0.0,192.0,0.0,946.8,856.8,7
139.9,132.6,103.3,200.3,7.4,916.0,753.4,28
540.0,0.0,0.0,173.0,0.0,1125.0,613.0,7
213.5,0.0,174.2,159.2,11.7,1043.6,771.9,56
213.5,0.0,174.2,154.6,11.7,1052.3,775.5,56
349.0,0.0,0.0,192.0,0.0,1056.0,809.0,3
334.0,17.6,158.0,189.0,15.3,967.0,633.0,28
424.0,22.0,132.0,168.0,8.9,822.0,750.0,28
516.0,0.0,0.0,162.0,8.3,801.0,802.0,28
190.3,0.0,125.2,166.6,9.9,1079.0,798.9,28
286.3,200.9,0.0,144.7,11.2,1004.6,803.7,3
167.4,129.9,128.6,175.5,7.8,1006.3,746.6,28
251.4,0.0,118.3,192.9,5.8,1043.6,754.3,56
203.5,135.7,0.0,185.7,0.0,1076.2,759.3,7
133.0,200.0,0.0,192.0,0.0,927.4,839.2,90
213.7,0.0,174.7,154.8,10.2,1053.5,776.4,14
251.4,0.0,118.3,188.5,6.4,1028.4,757.7,3
260.9,100.5,78.3,200.6,8.6,864.5,761.5,28
313.0,0.0,113.0,178.0,8.0,1002.0,689.0,28
382.0,0.0,0.0,186.0,0.0,1047.0,739.0,7
213.7,0.0,174.7,154.8,10.2,1053.5,776.4,56
359.0,19.0,141.0,154.0,10.9,942.0,801.0,56
153.0,102.0,0.0,192.0,0.0,888.0,943.1,7
450.1,50.0,0.0,200.0,3.0,1124.4,613.2,28
190.3,0.0,125.2,166.6,9.9,1079.0,798.9,14
152.6,238.7,0.0,200.0,6.3,1001.8,683.9,28
213.7,98.1,24.5,181.7,6.9,1065.8,785.4,100
190.7,0.0,125.4,162.1,7.8,1090.0,804.0,100
273.0,105.0,82.0,210.0,9.0,904.0,680.0,28
374.0,189.2,0.0,170.1,10.1,926.1,756.7,7
173.8,93.4,159.9,172.3,9.7,1007.2,746.6,28
312.9,160.5,0.0,177.6,9.6,916.6,759.5,28
166.1,0.0,163.3,176.5,4.5,1058.6,780.1,28
255.5,170.3,0.0,185.7,0.0,1026.6,724.3,7
387.0,20.0,94.0,157.0,14.3,938.0,845.0,28
331.0,0.0,0.0,192.0,0.0,1025.0,821.0,28
165.0,0.0,143.6,163.8,0.0,1005.6,900.9,3
342.0,38.0,0.0,228.0,0.0,932.0,670.0,90
156.0,243.0,0.0,180.0,11.0,1022.0,698.0,28
136.0,196.0,98.0,199.0,6.0,847.0,783.0,28
165.0,0.0,150.0,182.0,12.0,1023.0,729.0,28
387.0,20.0,94.0,157.0,11.6,938.0,845.0,7
147.8,175.1,0.0,171.2,2.2,1000.0,828.5,28
425.0,106.3,0.0,151.4,18.6,936.0,803.7,3
212.6,0.0,100.4,159.4,10.4,1003.8,903.8,3
246.8,0.0,125.1,143.3,12.0,1086.8,800.9,3
322.0,0.0,116.0,196.0,10.0,818.0,813.0,28
173.0,116.0,0.0,192.0,0.0,946.8,856.8,90
349.0,0.0,0.0,192.0,0.0,1047.0,806.0,7
143.0,169.0,143.0,191.0,8.0,967.0,643.0,28
213.8,98.1,24.5,181.7,6.7,1066.0,785.5,100
218.9,0.0,124.1,158.5,11.3,1078.7,794.9,28
157.0,236.0,0.0,192.0,0.0,935.4,781.2,90
332.5,142.5,0.0,228.0,0.0,932.0,594.0,90
212.1,0.0,121.6,180.3,5.7,1057.6,779.3,28
178.0,129.8,118.6,179.9,3.6,1007.3,746.8,3
297.2,0.0,117.5,174.8,9.5,1022.8,753.5,3
203.5,305.3,0.0,203.5,0.0,963.4,630.0,3
374.3,0.0,0.0,190.2,6.7,1013.2,730.4,28
251.4,0.0,118.3,188.5,5.8,1028.4,757.7,3
194.7,0.0,100.5,165.6,7.5,1006.4,905.9,3
183.9,122.6,0.0,203.5,0.0,959.2,800.0,28
212.0,0.0,124.8,159.0,7.8,1085.4,799.5,3
520.0,0.0,0.0,175.0,5.2,870.0,805.0,28
298.0,0.0,107.0,210.0,11.0,880.0,744.0,28
500.0,0.0,0.0,200.0,0.0,1125.0,613.0,3
350.0,0.0,0.0,203.0,0.0,974.0,775.0,56
310.0,0.0,0.0,192.0,0.0,1012.0,830.0,28
200.0,133.0,0.0,192.0,0.0,965.4,806.2,28
236.0,0.0,0.0,194.0,0.0,968.0,885.0,28
355.9,0.0,141.6,193.3,11.0,801.4,778.4,28
379.5,151.2,0.0,153.9,15.9,1134.3,605.0,3
313.3,145.0,0.0,178.5,8.0,867.2,824.0,28
229.7,0.0,118.2,195.2,6.1,1028.1,757.6,28
133.1,210.2,0.0,195.7,3.1,949.4,795.3,28
212.5,0.0,100.4,159.3,8.7,1007.8,903.6,14
237.5,237.5,0.0,228.0,0.0,932.0,594.0,28
339.0,0.0,0.0,197.0,0.0,968.0,781.0,7
389.9,189.0,0.0,145.9,22.0,944.7,755.8,3
141.9,166.6,129.7,173.5,10.9,882.6,785.3,28
145.0,0.0,179.0,202.0,8.0,824.0,869.0,28
236.0,0.0,0.0,194.0,0.0,968.0,885.0,3
310.0,0.0,0.0,192.0,0.0,1012.0,830.0,90
397.0,0.0,0.0,185.7,0.0,1040.6,734.3,7
214.9,53.8,121.9,155.6,9.6,1014.3,780.6,56
183.9,122.6,0.0,203.5,0.0,959.2,800.0,7
295.7,0.0,95.6,171.5,8.9,955.1,859.2,3
304.0,76.0,0.0,228.0,0.0,932.0,670.0,90
397.0,0.0,0.0,185.0,0.0,1040.0,734.0,28
359.0,19.0,141.0,154.0,10.9,942.0,801.0,28
145.4,0.0,178.9,201.7,7.8,824.0,868.7,28
173.5,50.1,173.5,164.8,6.5,1006.2,793.5,56
295.7,0.0,95.6,171.5,8.9,955.1,859.2,100
425.0,106.3,0.0,153.5,16.5,852.1,887.1,3
158.6,148.9,116.0,175.1,15.0,953.3,719.7,28
178.0,129.8,118.6,179.9,3.6,1007.3,746.8,100
193.5,290.2,0.0,185.7,0.0,998.2,704.3,28
310.0,142.8,0.0,167.9,10.0,914.3,804.0,28
260.0,101.0,78.0,171.0,10.0,936.0,763.0,28
385.0,0.0,0.0,186.0,0.0,966.0,763.0,1
251.4,0.0,118.3,188.5,5.8,1028.4,757.7,100
158.0,0.0,195.0,220.0,11.0,898.0,713.0,28
150.0,237.0,0.0,174.0,12.0,1069.0,675.0,28
252.5,0.0,0.0,185.7,0.0,1111.6,784.3,28
150.9,0.0,183.9,166.6,11.6,991.2,772.2,28
149.0,139.0,109.0,193.0,6.0,892.0,780.0,28
102.0,153.0,0.0,192.0,0.0,887.0,942.0,7
304.8,0.0,99.6,196.0,9.8,959.4,705.2,28
238.1,0.0,94.1,186.7,7.0,949.9,847.0,28
296.0,0.0,0.0,186.0,0.0,1090.0,769.0,7
213.8,98.1,24.5,181.7,6.7,1066.0,785.5,28
166.8,250.2,0.0,203.5,0.0,975.6,692.6,90
155.0,183.0,0.0,193.0,9.0,1047.0,697.0,28
312.7,0.0,0.0,178.1,8.0,999.7,822.2,28
233.8,0.0,94.6,197.9,4.6,947.0,852.2,14
295.7,0.0,95.6,171.5,8.9,955.1,859.2,14
322.0,0.0,0.0,203.0,0.0,974.0,800.0,28
439.0,177.0,0.0,186.0,11.1,884.9,707.9,91
424.0,22.0,132.0,178.0,8.5,822.0,750.0,28
491.0,26.0,123.0,201.0,3.9,822.0,699.0,7
192.0,288.0,0.0,192.0,0.0,929.8,716.1,90
194.7,0.0,100.5,165.6,7.5,1006.4,905.9,100
425.0,106.3,0.0,151.4,18.6,936.0,803.7,7
213.8,98.1,24.5,181.7,6.7,1066.0,785.5,14
387.0,20.0,94.0,157.0,13.9,938.0,845.0,3
298.1,0.0,107.5,163.6,12.8,953.2,784.0,28
182.0,45.2,122.0,170.2,8.2,1059.4,780.7,28
140.0,133.0,103.0,200.0,7.0,916.0,753.0,28
339.0,0.0,0.0,185.0,0.0,1060.0,754.0,28
304.0,76.0,0.0,228.0,0.0,932.0,670.0,28
252.0,97.0,76.0,194.0,8.0,835.0,821.0,28
313.3,262.2,0.0,175.5,8.6,1046.9,611.8,3
480.0,0.0,0.0,192.0,0.0,936.2,712.2,7
275.1,0.0,121.4,159.5,9.9,1053.6,777.5,56
500.1,0.0,0.0,200.0,3.0,1124.4,613.2,28
296.0,0.0,0.0,192.0,0.0,1085.0,765.0,7
288.0,192.0,0.0,192.0,0.0,932.0,717.8,3
310.0,0.0,0.0,192.0,0.0,1012.0,830.0,3
266.0,112.0,87.0,178.0,10.0,910.0,745.0,28
540.0,0.0,0.0,173.0,0.0,1125.0,613.0,90
213.7,0.0,174.7,154.8,10.2,1053.5,776.4,28
116.0,173.0,0.0,192.0,0.0,909.8,891.9,3
505.0,0.0,60.0,195.0,0.0,1030.0,630.0,28
491.0,26.0,123.0,201.0,3.9,822.0,699.0,28
213.8,98.1,24.5,181.7,6.7,1066.0,785.5,3
154.0,144.0,112.0,220.0,10.0,923.0,658.0,28
321.3,164.2,0.0,190.5,4.6,870.0,774.0,28
141.3,212.0,0.0,203.5,0.0,971.8,748.5,28
310.0,143.0,111.0,168.0,22.0,914.0,651.0,28
339.2,0.0,0.0,185.7,0.0,1069.2,754.3,7
213.7,98.1,24.5,181.7,6.9,1065.8,785.4,28
213.7,98.1,24.5,181.7,6.9,1065.8,785.4,14
350.0,0.0,0.0,203.0,0.0,974.0,775.0,7
144.8,0.0,133.6,180.8,11.1,979.5,811.5,28
281.0,0.0,0.0,186.0,0.0,1104.0,774.0,28
178.0,129.8,118.6,179.9,3.6,1007.3,746.8,28
333.0,0.0,0.0,192.0,0.0,931.2,842.6,90
173.5,50.1,173.5,164.8,6.5,1006.2,793.5,3
231.8,0.0,121.6,174.0,6.7,1056.4,778.5,14
190.7,0.0,125.4,162.1,7.8,1090.0,804.0,56
262.0,111.0,86.0,195.0,5.0,895.0,733.0,28
153.0,102.0,0.0,192.0,0.0,888.0,943.1,90
166.1,0.0,163.3,176.5,4.5,1058.6,780.1,56
153.6,144.2,112.3,220.1,10.1,923.2,657.9,28
251.4,0.0,118.3,188.5,6.4,1028.4,757.7,28
200.0,133.0,0.0,192.0,0.0,965.4,806.2,90
218.2,54.6,123.8,140.8,11.9,1075.7,792.7,100
376.0,0.0,0.0,214.6,0.0,1003.5,762.4,56
387.0,20.0,94.0,157.0,13.9,938.0,845.0,28
190.7,0.0,125.4,162.1,7.8,1090.0,804.0,28
212.0,0.0,124.8,159.0,7.8,1085.4,799.5,56
181.4,0.0,167.0,169.6,7.6,1055.6,777.8,28
359.0,19.0,141.0,154.0,10.9,942.0,801.0,28
246.8,0.0,125.1,143.3,12.0,1086.8,800.9,14
491.0,26.0,123.0,210.0,3.9,882.0,699.0,3
155.0,0.0,143.0,193.0,9.0,877.0,868.0,28
212.1,0.0,121.6,180.3,5.7,1057.6,779.3,100
349.0,0.0,0.0,192.0,0.0,1056.0,809.0,120
387.0,20.0,94.0,157.0,14.3,938.0,845.0,3
522.0,0.0,0.0,146.0,0.0,896.0,896.0,7
157.0,214.0,152.0,200.0,9.0,819.0,704.0,28
149.5,236.0,0.0,175.8,12.6,846.8,892.7,28
290.4,0.0,96.2,168.1,9.4,961.2,865.0,100
296.0,0.0,0.0,186.0,0.0,1090.0,769.0,28
153.1,145.0,113.0,178.5,8.0,867.2,824.0,28
255.3,98.8,77.0,188.6,6.5,919.0,749.3,28
152.7,144.7,0.0,178.1,8.0,999.7,822.2,28
310.0,0.0,0.0,192.0,0.0,1012.0,830.0,7
296.0,0.0,107.0,221.0,11.0,819.0,778.0,28
252.0,0.0,0.0,185.0,0.0,1111.0,784.0,28
446.0,24.0,79.0,162.0,11.6,967.0,712.0,28
297.8,137.2,106.9,201.3,6.0,878.4,655.3,28
272.8,181.9,0.0,185.7,0.0,1012.4,714.3,28
213.5,0.0,174.2,154.6,11.7,1052.3,775.5,28
164.0,0.0,200.0,181.0,13.0,849.0,846.0,28
359.0,19.0,141.0,154.0,10.9,942.0,801.0,7
228.0,342.1,0.0,185.7,0.0,955.8,674.3,7
233.8,0.0,94.6,197.9,4.6,947.0,852.2,28
252.0,0.0,0.0,185.0,0.0,1111.0,784.0,7
251.8,0.0,99.9,146.1,12.4,1006.0,899.8,28
135.0,0.0,166.0,180.0,10.0,961.0,805.0,28
122.6,183.9,0.0,203.5,0.0,958.2,800.1,3
382.0,0.0,0.0,186.0,0.0,1111.0,784.0,7
165.0,128.5,132.1,175.1,8.1,1005.8,746.6,100
317.9,0.0,126.5,209.7,5.7,860.5,736.6,28
153.0,145.0,113.0,178.0,8.0,1002.0,689.0,28
251.8,0.0,99.9,146.1,12.4,1006.0,899.8,56
522.0,0.0,0.0,146.0,0.0,896.0,896.0,28
295.0,0.0,0.0,185.0,0.0,1069.0,769.0,28
356.0,119.0,0.0,160.0,9.0,1061.0,657.0,28
500.0,0.0,0.0,200.0,0.0,1125.0,613.0,1
387.0,20.0,94.0,157.0,11.6,938.0,845.0,56
144.0,15.0,195.0,176.0,6.0,1021.0,709.0,28
251.4,0.0,118.3,192.9,5.8,1043.6,754.3,28
297.2,0.0,117.5,174.8,9.5,1022.8,753.5,56
310.0,0.0,0.0,192.0,0.0,1012.0,830.0,120
331.0,0.0,0.0,192.0,0.0,1025.0,821.0,120
214.9,53.8,121.9,155.6,9.6,1014.3,780.6,28
172.4,13.6,172.4,156.8,4.1,1006.3,856.4,100
251.4,0.0,118.3,192.9,5.8,1043.6,754.3,100
277.1,0.0,97.4,160.6,11.8,973.9,875.6,100
136.4,161.6,125.8,171.6,10.4,922.6,764.4,28
287.0,121.0,94.0,188.0,9.0,904.0,696.0,28
220.8,147.2,0.0,185.7,0.0,1055.0,744.3,28
165.0,128.5,132.1,175.1,8.1,1005.8,746.6,28
252.5,0.0,0.0,185.7,0.0,1111.6,784.3,7
238.0,0.0,0.0,186.0,0.0,1119.0,789.0,28
164.2,0.0,200.1,181.2,12.6,849.3,846.0,28
284.0,119.7,0.0,168.3,7.2,970.4,794.2,28
154.8,183.4,0.0,193.3,9.1,1047.4,696.7,28
141.3,212.0,0.0,203.5,0.0,971.8,748.5,3
150.7,0.0,185.3,166.7,15.6,1074.5,678.0,28
397.0,0.0,0.0,186.0,0.0,1040.0,734.0,28
300.0,0.0,120.0,212.0,10.0,878.0,728.0,28
122.6,183.9,0.0,203.5,0.0,958.2,800.1,28
162.0,190.1,148.1,178.8,18.8,838.1,741.4,28
183.9,122.6,0.0,203.5,0.0,959.2,800.0,90
475.0,118.8,0.0,181.1,8.9,852.1,781.5,56
252.3,0.0,98.8,146.3,14.2,987.8,889.0,28
382.0,0.0,0.0,185.0,0.0,1047.0,739.0,28
229.7,0.0,118.2,195.2,6.1,1028.1,757.6,100
254.0,0.0,0.0,198.0,0.0,968.0,863.0,90
374.0,189.2,0.0,170.1,10.1,926.1,756.7,3
375.0,0.0,0.0,186.0,0.0,1038.0,758.0,28
212.5,0.0,100.4,159.3,8.7,1007.8,903.6,3
540.0,0.0,0.0,173.0,0.0,1125.0,613.0,14
149.0,118.0,92.0,183.0,7.0,953.0,780.0,28
164.6,0.0,150.4,181.6,11.7,1023.3,728.9,28
277.0,116.8,91.0,190.6,7.0,946.5,665.6,28
280.0,129.0,100.0,172.0,9.0,825.0,805.0,28
425.0,106.3,0.0,153.5,16.5,852.1,887.1,91
141.3,212.0,0.0,203.5,0.0,971.8,748.5,7
252.3,0.0,98.8,146.3,14.2,987.8,889.0,3
356.0,0.0,142.0,193.0,11.0,801.0,778.0,28
173.0,116.0,0.0,192.0,0.0,946.8,856.8,3
540.0,0.0,0.0,173.0,0.0,1125.0,613.0,3
333.0,0.0,0.0,192.0,0.0,931.2,842.6,28
183.9,122.6,0.0,203.5,0.0,959.2,800.0,3
277.0,117.0,91.0,191.0,7.0,946.0,666.0,28
182.0,45.2,122.0,170.2,8.2,1059.4,780.7,14
446.0,24.0,79.0,162.0,11.6,967.0,712.0,7
446.0,24.0,79.0,162.0,11.6,967.0,712.0,56
148.0,0.0,137.0,158.0,16.0,1002.0,830.0,28
290.4,0.0,96.2,168.1,9.4,961.2,865.0,28
475.0,0.0,0.0,228.0,0.0,932.0,594.0,28
297.0,0.0,0.0,186.0,0.0,1040.0,734.0,7
159.0,209.0,161.0,201.0,7.0,848.0,669.0,28
250.2,166.8,0.0,203.5,0.0,977.6,694.1,28
298.0,0.0,107.0,186.0,6.0,879.0,815.0,28
350.0,0.0,0.0,186.0,0.0,1050.0,770.0,28
153.0,239.0,0.0,200.0,6.0,1002.0,684.0,28
331.0,0.0,0.0,192.0,0.0,978.0,825.0,28
388.6,97.1,0.0,157.9,12.1,852.1,925.7,91
305.0,0.0,100.0,196.0,10.0,959.0,705.0,28
236.0,157.0,0.0,192.0,0.0,972.6,749.1,7
387.0,20.0,94.0,157.0,13.9,938.0,845.0,7
238.1,0.0,0.0,185.7,0.0,1118.8,789.3,7
439.0,177.0,0.0,186.0,11.1,884.9,707.9,3
332.5,142.5,0.0,228.0,0.0,932.0,594.0,7
181.4,0.0,167.0,169.6,7.6,1055.6,777.8,3
230.0,0.0,118.3,195.5,4.6,1029.4,758.6,100
139.6,209.4,0.0,192.0,0.0,1047.0,806.9,7
313.0,145.0,0.0,178.0,8.0,1002.0,689.0,28
251.8,0.0,99.9,146.1,12.4,1006.0,899.8,3
135.7,203.5,0.0,185.7,0.0,1076.2,759.3,28
153.0,145.0,0.0,178.0,8.0,1000.0,822.0,28
167.0,75.4,167.0,164.0,7.9,1007.3,770.1,100
218.9,0.0,124.1,158.5,11.3,1078.7,794.9,56
491.0,26.0,123.0,201.0,3.9,822.0,699.0,3
339.0,0.0,0.0,185.0,0.0,1069.0,754.0,28
446.0,24.0,79.0,162.0,11.6,967.0,712.0,3
288.0,192.0,0.0,192.0,0.0,932.0,717.8,7
381.4,0.0,0.0,185.7,0.0,1104.6,784.3,7
190.3,0.0,125.2,161.9,9.9,1088.1,802.6,56
439.0,177.0,0.0,186.0,11.1,884.9,707.9,7
272.8,181.9,0.0,185.7,0.0,1012.4,714.3,7
281.0,0.0,0.0,185.0,0.0,1104.0,774.0,28
212.1,0.0,121.6,180.3,5.7,1057.6,779.3,56
252.1,97.1,75.6,193.8,8.3,835.5,821.4,28
277.0,0.0,0.0,191.0,0.0,968.0,856.0,28
362.6,189.0,0.0,164.9,11.6,944.7,755.8,7
427.5,47.5,0.0,228.0,0.0,932.0,594.0,28
229.7,0.0,118.2,195.2,6.1,1028.1,757.6,14
388.6,97.1,0.0,157.9,12.1,852.1,925.7,3
290.2,193.5,0.0,185.7,0.0,998.2,704.3,7
173.8,93.4,159.9,172.3,9.7,1007.2,746.6,100
231.8,0.0,121.6,174.0,6.7,1056.4,778.5,28
313.0,145.0,0.0,178.0,8.0,867.0,824.0,28
290.4,0.0,96.2,168.1,9.4,961.2,865.0,14
314.0,145.0,113.0,179.0,8.0,869.0,690.0,28
425.0,106.3,0.0,153.5,16.5,852.1,887.1,7
172.4,13.6,172.4,156.8,4.1,1006.3,856.4,14
288.0,121.0,0.0,177.0,7.0,908.0,829.0,28
152.0,178.0,139.0,168.0,18.0,944.0,695.0,28
159.0,149.0,116.0,175.0,15.0,953.0,720.0,28
500.0,0.0,0.0,140.0,4.0,966.0,853.0,28
310.0,0.0,0.0,192.0,0.0,970.0,850.0,28
275.1,0.0,121.4,159.5,9.9,1053.6,777.5,14
310.0,143.0,0.0,168.0,10.0,914.0,804.0,28
333.0,0.0,0.0,192.0,0.0,931.2,842.6,7
333.0,0.0,0.0,192.0,0.0,931.2,842.6,3
322.2,0.0,115.6,196.0,10.4,817.9,813.4,28
154.0,174.0,185.0,228.0,7.0,845.0,612.0,28
213.5,0.0,174.2,154.6,11.7,1052.3,775.5,100
181.4,0.0,167.0,169.6,7.6,1055.6,777.8,14
238.1,0.0,94.1,186.7,7.0,949.9,847.0,14
102.0,153.0,0.0,192.0,0.0,887.0,942.0,90
142.0,167.0,130.0,174.0,11.0,883.0,785.0,28
387.0,20.0,94.0,157.0,11.6,938.0,845.0,28
310.0,0.0,0.0,192.0,0.0,970.0,850.0,90
158.8,238.2,0.0,185.7,0.0,1040.6,734.3,28
145.9,230.5,0.0,202.5,3.4,827.0,871.8,28
326.0,0.0,138.0,199.0,11.0,801.0,792.0,28
222.4,0.0,96.7,189.3,4.5,967.1,870.3,3
133.0,200.0,0.0,192.0,0.0,927.4,839.2,28
446.0,24.0,79.0,162.0,11.6,967.0,712.0,3
266.0,114.0,0.0,228.0,0.0,932.0,670.0,90
134.7,0.0,165.7,180.2,10.0,961.0,804.9,28
108.3,162.4,0.0,203.5,0.0,938.2,849.0,90
337.9,189.0,0.0,174.9,9.5,944.7,755.8,28
182.0,45.2,122.0,170.2,8.2,1059.4,780.7,3
485.0,0.0,0.0,146.0,0.0,1120.0,800.0,28
151.0,0.0,185.0,167.0,16.0,1074.0,678.0,28
170.3,155.5,0.0,185.7,0.0,1026.6,724.3,7
424.0,22.0,132.0,168.0,8.9,822.0,750.0,7
480.0,0.0,0.0,192.0,0.0,936.2,712.2,3
173.8,93.4,159.9,172.3,9.7,1007.2,746.6,56
439.0,177.0,0.0,186.0,11.1,884.9,707.9,56
167.0,75.4,167.0,164.0,7.9,1007.3,770.1,14
157.0,236.0,0.0,192.0,0.0,935.4,781.2,28
251.4,0.0,118.3,192.9,5.8,1043.6,754.3,14
273.0,0.0,90.0,199.0,11.0,931.0,762.0,28
252.3,0.0,98.8,146.3,14.2,987.8,889.0,14
139.6,209.4,0.0,192.0,0.0,1047.0,806.9,3
475.0,0.0,0.0,162.0,9.5,1044.0,662.0,28
203.5,305.3,0.0,203.5,0.0,963.4,630.0,28
446.0,24.0,79.0,162.0,11.6,967.0,712.0,28
277.2,97.8,24.5,160.7,11.2,1061.7,782.5,56
250.0,0.0,95.7,187.4,5.5,956.9,861.2,14
259.9,100.6,78.4,170.6,10.4,935.7,762.9,28
264.5,111.0,86.5,195.5,5.9,832.6,790.4,28
281.0,0.0,0.0,186.0,0.0,1104.0,774.0,7
156.0,178.0,187.0,221.0,7.0,854.0,614.0,28
220.8,147.2,0.0,185.7,0.0,1055.0,744.3,7
298.1,0.0,107.0,186.4,6.1,879.0,815.2,28
382.5,0.0,0.0,185.7,0.0,1047.8,739.3,28
148.1,0.0,136.6,158.1,16.1,1001.8,830.1,28
252.3,0.0,98.8,146.3,14.2,987.8,889.0,56
250.2,166.8,0.0,203.5,0.0,977.6,694.1,7
116.0,173.0,0.0,192.0,0.0,909.8,891.9,90
349.0,0.0,0.0,192.0,0.0,1047.0,806.0,28
231.8,0.0,121.6,174.0,6.7,1056.4,778.5,100
336.0,0.0,0.0,182.0,3.0,986.0,817.0,28
252.0,0.0,0.0,186.0,0.0,1111.0,784.0,7
210.7,316.1,0.0,185.7,0.0,977.0,689.3,7
331.0,0.0,0.0,192.0,0.0,879.0,825.0,3
339.0,0.0,0.0,197.0,0.0,968.0,781.0,3
362.6,189.0,0.0,164.9,11.6,944.7,755.8,7
382.5,0.0,0.0,185.7,0.0,1047.8,739.3,7
305.3,203.5,0.0,203.5,0.0,965.4,631.0,7
148.1,0.0,182.1,181.4,15.0,838.9,884.3,28
321.0,0.0,128.0,182.0,11.0,870.0,780.0,28
275.1,0.0,121.4,159.5,9.9,1053.6,777.5,28
427.5,47.5,0.0,228.0,0.0,932.0,594.0,7
234.0,156.0,0.0,189.0,5.9,981.0,760.0,28
255.0,0.0,0.0,192.0,0.0,889.8,945.0,28
238.1,0.0,94.1,186.7,7.0,949.9,847.0,3
218.2,54.6,123.8,140.8,11.9,1075.7,792.7,14
251.4,0.0,118.3,188.5,5.8,1028.4,757.7,14
446.0,24.0,79.0,162.0,11.6,967.0,712.0,28
255.0,99.0,77.0,189.0,6.0,919.0,749.0,28
491.0,26.0,123.0,210.0,3.9,882.0,699.0,28
203.5,135.7,0.0,185.7,0.0,1076.2,759.3,28
213.5,0.0,174.2,159.2,11.7,1043.6,771.9,14
153.0,145.0,113.0,178.0,8.0,867.0,824.0,28
405.0,0.0,0.0,175.0,0.0,1120.0,695.0,28
350.0,0.0,0.0,203.0,0.0,974.0,775.0,90
230.0,0.0,118.3,195.5,4.6,1029.4,758.6,3
385.0,0.0,0.0,186.0,0.0,966.0,763.0,3
146.5,114.6,89.3,201.9,8.8,860.0,829.5,28
318.8,212.5,0.0,155.7,14.3,852.1,880.4,91
165.0,0.0,143.6,163.8,0.0,1005.6,900.9,100
318.8,212.5,0.0,155.7,14.3,852.1,880.4,56
289.0,0.0,0.0,192.0,0.0,913.2,895.3,7
213.5,0.0,174.2,159.2,11.7,1043.6,771.9,3
168.9,42.2,124.3,158.3,10.8,1080.8,796.2,100
158.8,238.2,0.0,185.7,0.0,1040.6,734.3,7
190.7,0.0,125.4,162.1,7.8,1090.0,804.0,14
192.0,288.0,0.0,192.0,0.0,929.8,716.1,7
427.5,47.5,0.0,228.0,0.0,932.0,594.0,90
310.0,0.0,0.0,192.0,0.0,970.0,850.0,7
388.6,97.1,0.0,157.9,12.1,852.1,925.7,28
222.4,0.0,96.7,189.3,4.5,967.1,870.3,14
277.2,97.8,24.5,160.7,11.2,1061.7,782.5,3
155.2,183.9,143.2,193.8,9.2,879.6,698.5,28
284.0,15.0,141.0,179.0,5.5,842.0,801.0,7
286.3,200.9,0.0,144.7,11.2,1004.6,803.7,91
